Name,Current Price,Unit Price,Original Price
"Napa Valley Naturals USDA Organic Extra Virgin Olive Oil 25.4 oz, 6-count",$59.99
Terra Delyssa USDA Organic Extra Virgin Olive Oil Infused 8.5oz Assorted Flavors 2-count,$42.99
"Nao Ayurveda Holy Basil Breast Oil, 2.0 fl oz",$24.99
"California Pure Naturals USDA Organic Glow Facial Oil, 1.0 fl oz, 2-pack",$29.99
2-Piece Bakeware Set,$24.99
"Myrtos Greek Extra Virgin Olive Oil 3L, Tins, 2-pack",$69.99
Arbequina Olive,$69.99
"Bolden Shea Oil, 16.9 oz",$34.99
"Fratelli Beretta Mt Olive Prosciutto Leg Kit, 12 lbs",$219.99
"Fratelli Beretta Mt. Olive Antipasto Organic Salami Kit, 48 oz",$79.99
"La Civetta Italian Extra Virgin Olive Oil 3L, Tins, 2-pack",$69.99
"Terra Delyssa First Cold Press Extra Virgin Olive Oil 3L, Tin, 2-count",$46.99
